Title,Slug,Duration,Description
"Winter spiti",winter-spiti,"6 Nights 7 Days",""
"Name",name,"Duration",""
"Bali with Gili T.",bali-with-gili-t,"8 Night 9 Days",""
"Summer Spiti",summer-spiti,"",""
"Spiti Biking",spiti-biking,"",""
"Short Spiti 4N 5D",short-spiti-4n-5d,"",""
"Teen Taal with Gopuranjan 4N",teen-taal-with-gopuranjan-4n,"",""
"Teen Taal 3N",teen-taal-3n,"",""
"Manali With Chandrataal 2N",manali-with-chandrataal-2n,"",""
"Ladakh apricot blossom",ladakh-apricot-blossom,"",""
"Kedarnath 3N",kedarnath-3n,"",""
"Kedarnath With Badrinath 4N",kedarnath-with-badrinath-4n,"",""
"Zanskar 6N",zanskar-6n,"",""
"Leh to Leh with Turtuk 6N",leh-to-leh-with-turtuk-6n,"",""
"Leh to Leh with Turtuk 5N",leh-to-leh-with-turtuk-5n,"",""
"Leh to Leh with Umling La, Hanle & Tso Moriri",leh-to-leh-with-umling-la-hanle-tso-moriri,"",""
"Sangla Holi 3N 4D",sangla-holi-3n-4d,"",""
"Spiti With Sangla 6N 7D",spiti-with-sangla-6n-7d,"",""
"NTC",ntc,"",""
"Thailand Full Moon",thailand-full-moon,"",""
"Thailand  Songkaran",thailand-songkaran,"",""
"Sri Lanka",sri-lanka,"",""
"Japan",japan,"",""
"Almaty",almaty,"",""
"Baku",baku,"",""
"georgia",georgia,"",""
"Dubai",dubai,"",""
"Veitnam",veitnam,"",""
"Bali",bali,"",""
