pdfName,slug,title,type,id
Summer Spiti with Chandrataal (6N7D),summer-spiti,Summer Spiti,domestic,07867f60-ccf0-47bd-8b5a-30b02bb0db59
4x4 Summer Spiti Expedition (6N7D),4x4-summer-spiti-expedition-6n7d,4x4 Summer Spiti Expedition (6N7D),domestic,56dd5ae2-b224-4bdd-aac6-65df591ffc7a
Spiti Biking,spiti-biking,Spiti Biking,domestic,600afb59-f20c-4e81-a4c3-c3443745f1c2
Manali with Chandrataal (Delhi-Delhi),manali-with-chandrataal-delhi-delhi,Manali with Chandrataal (Delhi-Delhi),domestic,0fe8b6d9-aa5b-4ad2-ad6c-f4c2d50a6ed2
Teen Taal (Delhi-Delhi),teen-taal,Teen Taal (Delhi-Delhi),domestic,59e4d273-267e-4999-9d29-0511fb9c3250
Teen Taal with Gombo Ranjan,teen-taal-with-gombo-ranjan,Teen Taal With Gombo Ranjan,domestic,ab9bcb86-36c7-4284-97b6-3bd6e55d985c
Zanskar Valley 6N7D - Tempo Traveller,zanskar-valley-6n7d-tempo-traveller,Zanskar Valley 6N7D (Tempo Traveller),domestic,43d55418-6c6b-4131-8165-02a34ea9b17a
Kedarnath Yatra 3N4D - Normal Package,kedarnath-yatra,Kedarnath Yatra,domestic,78d9685a-a664-42a4-a7a1-7033cc8a77d0
Leh-Leh with Turtuk 5N6D,ladakh-leh-to-leh-with-turtuk,Leh-Leh With Turtuk 5N6D,domestic,a237ba0e-db89-4f7d-b2de-9a49f01f0a4a
Leh-Leh with Turtuk 6N7D,leh-leh-with-turtuk-6n7d,Leh-Leh with Turtuk 6N7D,domestic,6e2546ee-641d-4c54-a7e3-e59ea02188dd
Ladakh - Hanle & Umling La - 7N8D,leh-to-leh-with-umling-la-hanle-tso-moriri,"Leh to Leh with Umling La, Hanle & Tso Moriri",domestic,1b52f2c0-2cc2-47be-a79d-bf62765b352b
Winter Spiti Expedition 6N7D,winter-spiti-expedition,Winter Spiti Expedition,domestic,0b34d974-7dfd-40cc-840a-11da8cc4805a
Spiti Valley with Sangla Holi 6N7D,spiti-valley-with-sangla-holi,Spiti Valley with sangla holi,domestic,3a63094c-2f22-4cd6-90b8-9e76f3ab283b
Sangla Holi 3N4D,sangla-holi-special,Sangla Holi Special,domestic,064ccfbb-cbc7-451f-817a-8ce58e686611
Ladakh Apricot Blossom 6N7D - TRIPLE SHARING,ladakh-apricot-blossom,Ladakh Apricot Blossom,domestic,6bb51bb7-f31d-4017-8b5b-cfe2296496ad
Bali 8N9D,bali-with-nusa-gili-t,Bali with Nusa & Gili T,international,9c3cc752-b9b8-4491-82fd-d0c77613f4a9
Thailand Songkran Festival,thailand-songkran-festival,Thailand Songkran Festival,international,23fdb581-5a9e-466f-b499-425644f78173
Thailand Full Moon Party,thailand-full-moon-party,Thailand full moon party,international,c9b4d60e-519f-44d6-81a7-32124fa83333
Almaty,almaty,Almaty,international,bfcdf833-a444-45b0-91a2-345ae38a5f3b
Sri Lanka,sri-lanka,Sri Lanka,international,567af867-f38c-4131-a87d-650553ccb57e
Dubai,dubai,Dubai,international,622624eb-ef53-46a3-84be-fdf3c540fd9a
Japan Cherry Blossom,japan,Japan,international,5897034a-0888-4b6e-82ea-b8db29f7c0c1
